{
    "author": {
        "email": "skycoder42.de@gmx.de",
        "name": "Skycoder"
    },
    "dependencies": [
    ],
    "description": "A global shortcut/hotkey for Desktop Qt-Applications",
    "license": "BSD_3_CLAUSE",
    "name": "de.skycoder42.qhotkey",
    "pri_filename": "qhotkey.pri",
    "repository": {
        "type": "GITHUB",
        "url": "https://github.com/Skycoder42/QHotkey.git"
    },
    "version": {
        "fingerprint": "",
        "label": "1.2.1",
        "revision": ""
    },
    "webpage": "https://github.com/Skycoder42/QHotkey"
}
